month,paid_amount_as_recorded,positive_paid_amount,paid_transactions,negative_amount_rows
2025-01,9258.0,10335.0,68,3
2025-02,11574.0,11603.0,78,1
2025-03,14543.0,15042.0,99,1
2025-04,20725.0,21253.0,129,2
2025-05,21021.0,21757.0,127,4
2025-06,21716.0,21716.0,114,0
2025-07,17425.0,17562.0,101,3
2025-08,23457.0,24114.0,149,3
2025-09,21848.0,21877.0,134,1
2025-10,23561.0,24559.0,143,2
2025-11,27883.0,27991.0,131,2
2025-12,23075.0,23603.0,139,2
2026-01,13329.0,13408.0,73,1
2026-02,5538.0,6037.0,34,1
2026-03,3417.0,3417.0,23,0
